{"cameraMode":{"drawMode":0,"name":"Shaded","section":"Shading Mode"},"sceneLighting":true,"audioPlay":false,"sceneViewState":{"showFog":false,"showMaterialUpdate":true,"showSkybox":true,"showFlares":true,"showImageEffects":true,"showParticleSystems":true},"in2DMode":false,"pivot":{"x":561.6023559570313,"y":281.2987976074219,"z":356.1019287109375},"rotation":{"x":-0.010809476487338543,"y":0.0020974453072994949,"z":-0.000022424514099839143,"w":-0.9999394416809082},"size":572.3230590820313,"orthographic":false}